{
    "pools": [
        {
            "rolls": 1,
            "entries": [
                {
                    "type": "minecraft:item",
                    "name": "sgoc:chimera_core",
                    "conditions": [
                        {
                            "condition": "minecraft:random_chance",
                            "chance": 0.05
                        }
                    ]
                }
            ]
        },
        {
            "bonus_rolls": 0.0,
            "conditions": [
                {
                    "condition": "minecraft:killed_by_player"
                },
                {
                    "chance": 0.33,
                    "condition": "minecraft:random_chance_with_looting",
                    "looting_multiplier": 0.05
                }
            ],
            "entries": [
                {
                    "type": "minecraft:item",
                    "name": "knights_of_britannia:ancient_relic"
                }
            ],
            "rolls": 1.0
        }
    ]
}